{
  "nPairs": 2987,
  "nQueries": 3484,
  "arms": {
    "lexical": {
      "overall": {
        "n": 3484,
        "recallAt": {
          "1": 0.06911833687167522,
          "3": 0.139389988582664,
          "5": 0.18983014338668355,
          "10": 0.2633691021010834
        },
        "hitAt3": 0.2571756601607348,
        "mrr": 0.21973306544202081
      },
      "byRendering": {
        "doc": {
          "n": 2890,
          "recallAt": {
            "1": 0.07220260795065074,
            "3": 0.1455520908867711,
            "5": 0.19947142313733393,
            "10": 0.2735765496475856
          },
          "hitAt3": 0.2640138408304498,
          "mrr": 0.22521214368100184
        },
        "para": {
          "n": 594,
          "recallAt": {
            "1": 0.05411237152110392,
            "3": 0.10940938983035813,
            "5": 0.14292223348873884,
            "10": 0.21370660477887723
          },
          "hitAt3": 0.2239057239057239,
          "mrr": 0.19307559724226392
        }
      },
      "byStratum": {
        "gap": {
          "n": 1373,
          "recallAt": {
            "1": 0.016160190868626335,
            "3": 0.04358825125339406,
            "5": 0.074526233198108,
            "10": 0.12476867803137805
          },
          "hitAt3": 0.06627822286962855,
          "mrr": 0.061772101411577046
        },
        "bridgeable": {
          "n": 2111,
          "recallAt": {
            "1": 0.10356245551790265,
            "3": 0.20169969268171067,
            "5": 0.26482411244822524,
            "10": 0.35351518559123307
          },
          "hitAt3": 0.3813358597820938,
          "mrr": 0.3224712954817172
        }
      },
      "byCluster": {
        "none": {
          "n": 702,
          "recallAt": {
            "1": 0.0737307835387195,
            "3": 0.15367112126787816,
            "5": 0.21461926343046922,
            "10": 0.30704547104678015
          },
          "hitAt3": 0.254985754985755,
          "mrr": 0.21618109256998136
        },
        "partialid": {
          "n": 609,
          "recallAt": {
            "1": 0.08268848627674644,
            "3": 0.16774968379056615,
            "5": 0.21568655501438447,
            "10": 0.2911975439139592
          },
          "hitAt3": 0.3185550082101806,
          "mrr": 0.27056715406469106
        },
        "stat": {
          "n": 1089,
          "recallAt": {
            "1": 0.05508804914236399,
            "3": 0.11430289988008521,
            "5": 0.1604023685112878,
            "10": 0.2196667985985873
          },
          "hitAt3": 0.19467401285583102,
          "mrr": 0.16624105411984186
        },
        "exactid": {
          "n": 597,
          "recallAt": {
            "1": 0.0483733100918223,
            "3": 0.09798518278789048,
            "5": 0.13624143456484425,
            "10": 0.1879787312982058
          },
          "hitAt3": 0.23785594639865998,
          "mrr": 0.2084616202706655
        },
        "panel": {
          "n": 487,
          "recallAt": {
            "1": 0.1023043856947523,
            "3": 0.1901951202663506,
            "5": 0.25326092173152387,
            "10": 0.355754169492494
          },
          "hitAt3": 0.3470225872689938,
          "mrr": 0.2947174146866137
        }
      },
      "paraphraseVariance": 0.1627183117451279
    },
    "semantic": null
  },
  "anchor": {
    "n": 12,
    "lexical": {
      "overall": {
        "n": 12,
        "recallAt": {
          "1": 0.4166666666666667,
          "3": 0.75,
          "5": 0.8333333333333334,
          "10": 0.9166666666666666
        },
        "hitAt3": 0.75,
        "mrr": 0.6006944444444444
      },
      "byRendering": {
        "doc": {
          "n": 12,
          "recallAt": {
            "1": 0.4166666666666667,
            "3": 0.75,
            "5": 0.8333333333333334,
            "10": 0.9166666666666666
          },
          "hitAt3": 0.75,
          "mrr": 0.6006944444444444
        }
      },
      "byStratum": {
        "bridgeable": {
          "n": 10,
          "recallAt": {
            "1": 0.5,
            "3": 0.8,
            "5": 0.9,
            "10": 1
          },
          "hitAt3": 0.8,
          "mrr": 0.6708333333333333
        },
        "gap": {
          "n": 2,
          "recallAt": {
            "1": 0,
            "3": 0.5,
            "5": 0.5,
            "10": 0.5
          },
          "hitAt3": 0.5,
          "mrr": 0.25
        }
      },
      "byCluster": {
        "stat": {
          "n": 4,
          "recallAt": {
            "1": 0.75,
            "3": 0.75,
            "5": 1,
            "10": 1
          },
          "hitAt3": 0.75,
          "mrr": 0.8125
        },
        "exactid": {
          "n": 3,
          "recallAt": {
            "1": 0,
            "3": 1,
            "5": 1,
            "10": 1
          },
          "hitAt3": 1,
          "mrr": 0.4444444444444444
        },
        "panel": {
          "n": 3,
          "recallAt": {
            "1": 0.6666666666666666,
            "3": 0.6666666666666666,
            "5": 0.6666666666666666,
            "10": 0.6666666666666666
          },
          "hitAt3": 0.6666666666666666,
          "mrr": 0.6666666666666666
        },
        "partialid": {
          "n": 2,
          "recallAt": {
            "1": 0,
            "3": 0.5,
            "5": 0.5,
            "10": 1
          },
          "hitAt3": 0.5,
          "mrr": 0.3125
        }
      },
      "paraphraseVariance": 0
    },
    "semantic": null
  }
}